,Year,Area,Variable,Generation (TWh),Share of production (%),Change on last year (%),Change on last year (TWh),Longitude,Latitude
0,2001,Austria,Fossil,18.819009,30.824451727463998,14.6182508784562,2.40015,14.5501,47.5162
1,2001,Austria,Coal,6.893,11.2903365824103,20.3596996682381,1.166,14.5501,47.5162
2,2001,Austria,Hard Coal,5.2989999999999995,8.67945648486762,19.4813979706877,0.8640000000000001,14.5501,47.5162
3,2001,Austria,Lignite,1.594,2.61088009754274,23.3746130030959,0.302,14.5501,47.5162
4,2001,Austria,Gas,8.746,14.3254437472451,11.399821678767,0.895,14.5501,47.5162
5,2001,Austria,Other fossil,3.180009,5.20867139780853,11.938290495938,0.33915,14.5501,47.5162
6,2001,Austria,Nuclear,0.0,0.0,,0.0,14.5501,47.5162
7,2001,Austria,Renewables,42.233201,69.17554827253589,-2.7637879730662,-1.20041299999999,14.5501,47.5162
8,2001,Austria,Hydro,40.455405999999996,66.2636225617385,-3.2985165273618198,-1.37994599999999,14.5501,47.5162
9,2001,Austria,Wind and solar,0.109983,0.18014581290341397,57.1567380649586,0.0399999999999999,14.5501,47.5162
10,2001,Austria,Wind,0.104647,0.171405752551791,56.7651376696527,0.0378929999999999,14.5501,47.5162
11,2001,Austria,Solar,0.005336,0.00874006035162363,65.2524001238773,0.002107,14.5501,47.5162
12,2001,Austria,Bioenergy,1.6678119999999999,2.7317798978939503,9.13007376270955,0.139533,14.5501,47.5162
13,2001,Austria,Other renewables,0.0,0.0,,0.0,14.5501,47.5162
14,2001,Austria,Production,61.052209999999995,,2.00449027394407,1.19973699999999,14.5501,47.5162
15,2001,Austria,Net imports,0.214999999999999,,-115.71637426900499,1.5830000000000002,14.5501,47.5162
16,2001,Austria,Demand,61.26721,,4.75807826805587,2.782737,14.5501,47.5162
17,2001,Belgium,Fossil,31.194000000000003,39.677936350454104,-7.08328368878828,-2.378,4.4699,50.5039
18,2001,Belgium,Coal,9.936,12.6383271006639,-23.0721585630226,-2.98,4.4699,50.5039
19,2001,Belgium,Hard Coal,9.936,12.6383271006639,-23.0721585630226,-2.98,4.4699,50.5039
20,2001,Belgium,Lignite,0.0,0.0,,0.0,4.4699,50.5039
21,2001,Belgium,Gas,15.78,20.0717392963443,-1.23302246980034,-0.19699999999999998,4.4699,50.5039
22,2001,Belgium,Other fossil,5.478,6.96786995344577,17.0762983543492,0.7989999999999989,4.4699,50.5039
23,2001,Belgium,Nuclear,46.349,58.954692309649104,-3.7543866935232697,-1.8079999999999898,4.4699,50.5039
24,2001,Belgium,Renewables,1.07499999999999,1.36737133989671,2.9693486590038196,0.0309999999999999,4.4699,50.5039
25,2001,Belgium,Hydro,0.44099999999999895,0.560940242692513,-4.13043478260872,-0.0190000000000001,4.4699,50.5039
26,2001,Belgium,Wind and solar,0.037000000000000005,0.0470630135592358,131.25,0.0209999999999999,4.4699,50.5039
27,2001,Belgium,Wind,0.037000000000000005,0.0470630135592358,131.25,0.0209999999999999,4.4699,50.5039
28,2001,Belgium,Solar,0.0,0.0,,0.0,4.4699,50.5039
29,2001,Belgium,Bioenergy,0.597,0.7593680836449659,5.105633802816901,0.028999999999999998,4.4699,50.5039
30,2001,Belgium,Other renewables,0.0,0.0,,0.0,4.4699,50.5039
31,2001,Belgium,Production,78.618,,-5.01975281794788,-4.155,4.4699,50.5039
32,2001,Belgium,Net imports,9.106,,110.494683310217,4.78,4.4699,50.5039
33,2001,Belgium,Demand,87.7239999999999,,0.717574254583852,0.6249999999999849,4.4699,50.5039
34,2001,Bulgaria,Fossil,22.244,51.196832995765,12.371811063399802,2.449,25.4858,42.7339
35,2001,Bulgaria,Coal,19.497,44.8743325354446,15.0876571630954,2.556,25.4858,42.7339
36,2001,Bulgaria,Hard Coal,4.446000000000001,10.2329221137911,49.59623149394339,1.4739999999999898,25.4858,42.7339
37,2001,Bulgaria,Lignite,15.050999999999998,34.6414104216534,7.74572267163005,1.082,25.4858,42.7339
38,2001,Bulgaria,Gas,1.9080000000000001,4.3914564536917595,-0.209205020920499,-0.004,25.4858,42.7339
39,2001,Bulgaria,Other fossil,0.8390000000000001,1.93104400662861,-10.9341825902335,-0.10299999999999901,25.4858,42.7339
40,2001,Bulgaria,Nuclear,19.553,45.003222242680906,7.5640884585763,1.375,25.4858,42.7339
41,2001,Bulgaria,Renewables,1.6509999999999898,3.7999447615540403,-37.2481946028126,-0.98,25.4858,42.7339
42,2001,Bulgaria,Hydro,1.6509999999999898,3.7999447615540403,-37.2481946028126,-0.98,25.4858,42.7339
43,2001,Bulgaria,Wind and solar,0.0,0.0,,0.0,25.4858,42.7339
44,2001,Bulgaria,Wind,0.0,0.0,,0.0,25.4858,42.7339
45,2001,Bulgaria,Solar,0.0,0.0,,0.0,25.4858,42.7339
46,2001,Bulgaria,Bioenergy,0.0,0.0,,0.0,25.4858,42.7339
47,2001,Bulgaria,Other renewables,0.0,0.0,,0.0,25.4858,42.7339
48,2001,Bulgaria,Production,43.448,,7.00423603585853,2.844,25.4858,42.7339
49,2001,Bulgaria,Net imports,-6.92499999999999,,49.8917748917749,-2.30499999999999,25.4858,42.7339
50,2001,Bulgaria,Demand,36.523,,1.4978879502000901,0.539000000000001,25.4858,42.7339
51,2001,Croatia,Fossil,5.59,43.7731002944308,16.2403826159284,0.7809999999999989,15.2,45.1
52,2001,Croatia,Coal,1.6380000000000001,12.8265363653448,5.60928433268859,0.0869999999999999,15.2,45.1
53,2001,Croatia,Hard Coal,1.625,12.724738457683301,5.109961190168169,0.0789999999999999,15.2,45.1
54,2001,Croatia,Lignite,0.013000000000000001,0.10179790766146699,159.999999999999,0.008,15.2,45.1
55,2001,Croatia,Gas,1.8230000000000002,14.275198897450302,16.0407383831954,0.252,15.2,45.1
56,2001,Croatia,Other fossil,2.129,16.6713650316356,26.2003556609365,0.44199999999999895,15.2,45.1
57,2001,Croatia,Nuclear,0.0,0.0,,0.0,15.2,45.1
58,2001,Croatia,Renewables,7.1804,56.2268997055691,11.256759478764698,0.7264999999999989,15.2,45.1
59,2001,Croatia,Hydro,7.1804,56.2268997055691,11.274000836833,0.7275,15.2,45.1
60,2001,Croatia,Wind and solar,0.0,0.0,,0.0,15.2,45.1
61,2001,Croatia,Wind,0.0,0.0,,0.0,15.2,45.1
62,2001,Croatia,Solar,0.0,0.0,,0.0,15.2,45.1
63,2001,Croatia,Bioenergy,0.0,0.0,-100.0,-0.001,15.2,45.1
64,2001,Croatia,Other renewables,0.0,0.0,,0.0,15.2,45.1
65,2001,Croatia,Production,12.7704,,13.3846522654023,1.5075,15.2,45.1
66,2001,Croatia,Net imports,2.522,,-26.278865828705,-0.899,15.2,45.1
67,2001,Croatia,Demand,15.2924,,4.1439944428932405,0.6085000000000009,15.2,45.1
68,2001,Cyprus,Fossil,3.551,100.0,5.37091988130564,0.18100000000000002,33.4299,35.1264
69,2001,Cyprus,Coal,0.0,0.0,,0.0,33.4299,35.1264
70,2001,Cyprus,Hard Coal,0.0,0.0,,0.0,33.4299,35.1264
71,2001,Cyprus,Lignite,0.0,0.0,,0.0,33.4299,35.1264
72,2001,Cyprus,Gas,0.0,0.0,,0.0,33.4299,35.1264
73,2001,Cyprus,Other fossil,3.551,100.0,5.37091988130564,0.18100000000000002,33.4299,35.1264
74,2001,Cyprus,Nuclear,0.0,0.0,,0.0,33.4299,35.1264
75,2001,Cyprus,Renewables,0.0,0.0,,0.0,33.4299,35.1264
76,2001,Cyprus,Hydro,0.0,0.0,,0.0,33.4299,35.1264
77,2001,Cyprus,Wind and solar,0.0,0.0,,0.0,33.4299,35.1264
78,2001,Cyprus,Wind,0.0,0.0,,0.0,33.4299,35.1264
79,2001,Cyprus,Solar,0.0,0.0,,0.0,33.4299,35.1264
80,2001,Cyprus,Bioenergy,0.0,0.0,,0.0,33.4299,35.1264
81,2001,Cyprus,Other renewables,0.0,0.0,,0.0,33.4299,35.1264
82,2001,Cyprus,Production,3.551,,5.37091988130564,0.18100000000000002,33.4299,35.1264
83,2001,Cyprus,Net imports,0.0,,,0.0,33.4299,35.1264
84,2001,Cyprus,Demand,3.551,,5.37091988130564,0.18100000000000002,33.4299,35.1264
85,2001,Czech Republic,Fossil,56.908726,76.6608584427512,-0.223484411030028,-0.127467000000002,15.473,49.8175
86,2001,Czech Republic,Coal,52.593999999999994,70.8485582498905,-0.29951471034274,-0.158000000000001,15.473,49.8175
87,2001,Czech Republic,Hard Coal,5.672999999999999,7.64200994318038,2.86491387126019,0.158,15.473,49.8175
88,2001,Czech Republic,Lignite,46.92100000000001,63.2065483067101,-0.6689671232296801,-0.316000000000002,15.473,49.8175
89,2001,Czech Republic,Gas,1.58,2.1283933915432702,-6.5641632170313295,-0.11099999999999902,15.473,49.8175
90,2001,Czech Republic,Other fossil,2.7347259999999998,3.6839068013174505,5.457866036195529,0.141532999999999,15.473,49.8175
91,2001,Czech Republic,Nuclear,14.749,19.8681481847289,8.52832965415748,1.159,15.473,49.8175
92,2001,Czech Republic,Renewables,2.5766709999999997,3.4709933725197404,12.827551478396002,0.292946,15.473,49.8175
93,2001,Czech Republic,Hydro,2.0540000000000003,2.76691140900625,16.8373151308305,0.29600000000000004,15.473,49.8175
94,2001,Czech Republic,Wind and solar,8.1e-05,0.000109113838427218,-91.33689839572192,-0.0008539999999999999,15.473,49.8175
95,2001,Czech Republic,Wind,0.0,0.0,-100.0,-0.0008849999999999999,15.473,49.8175
96,2001,Czech Republic,Solar,8.1e-05,0.000109113838427218,62.0,3.1e-05,15.473,49.8175
97,2001,Czech Republic,Bioenergy,0.52259,0.703972849675063,-0.41921530516968397,-0.0021999999999999698,15.473,49.8175
98,2001,Czech Republic,Other renewables,0.0,0.0,,0.0,15.473,49.8175
99,2001,Czech Republic,Production,74.234397,,1.8165964745701497,1.32447899999999,15.473,49.8175
100,2001,Czech Republic,Net imports,-9.539,,-4.771887790755731,0.47800000000000104,15.473,49.8175
101,2001,Czech Republic,Demand,64.695397,,2.8659490723581897,1.80247899999999,15.473,49.8175
102,2001,Denmark,Fossil,31.8669999999999,84.4987139713096,4.68103278365417,1.425,9.5018,56.2639
103,2001,Denmark,Coal,17.819000000000003,47.2489592448227,6.87338811251725,1.146,9.5018,56.2639
104,2001,Denmark,Hard Coal,17.819000000000003,47.2489592448227,6.87338811251725,1.146,9.5018,56.2639
105,2001,Denmark,Lignite,0.0,0.0,,0.0,9.5018,56.2639
106,2001,Denmark,Gas,9.273,24.5883382388035,5.6872578071575,0.499,9.5018,56.2639
107,2001,Denmark,Other fossil,4.775,12.661416487683198,-4.4044044044043895,-0.219999999999999,9.5018,56.2639
108,2001,Denmark,Nuclear,0.0,0.0,,0.0,9.5018,56.2639
109,2001,Denmark,Renewables,5.846,15.5012860286903,4.91744436468055,0.27399999999999997,9.5018,56.2639
110,2001,Denmark,Hydro,0.027999999999999997,0.0742449553204465,-6.666666666666661,-0.0019999999999999896,9.5018,56.2639
111,2001,Denmark,Wind and solar,4.3069999999999995,11.420465091612899,1.53229608675153,0.0650000000000003,9.5018,56.2639
112,2001,Denmark,Wind,4.306,11.4178134860658,1.5326573921245101,0.0650000000000003,9.5018,56.2639
113,2001,Denmark,Solar,0.001,0.0026516055471588,0.0,0.0,9.5018,56.2639
114,2001,Denmark,Bioenergy,1.511,4.00657598175695,16.2307692307692,0.210999999999999,9.5018,56.2639
115,2001,Denmark,Other renewables,0.0,0.0,,0.0,9.5018,56.2639
116,2001,Denmark,Production,37.713,,4.71760981840396,1.699,9.5018,56.2639
117,2001,Denmark,Net imports,-0.5749999999999991,,-186.466165413533,-1.23999999999999,9.5018,56.2639
118,2001,Denmark,Demand,37.138000000000005,,1.2513972572862,0.45900000000000296,9.5018,56.2639
119,2001,Estonia,Fossil,8.465,99.78781091594949,-0.353148911124179,-0.0299999999999993,25.0136,58.5953
120,2001,Estonia,Coal,0.0,0.0,,0.0,25.0136,58.5953
121,2001,Estonia,Hard Coal,0.0,0.0,,0.0,25.0136,58.5953
122,2001,Estonia,Lignite,0.0,0.0,,0.0,25.0136,58.5953
123,2001,Estonia,Gas,0.599,7.06118118590121,0.503355704697994,0.003,25.0136,58.5953
124,2001,Estonia,Other fossil,7.8660000000000005,92.72662973004829,-0.41777440182302295,-0.0330000000000003,25.0136,58.5953
125,2001,Estonia,Nuclear,0.0,0.0,,0.0,25.0136,58.5953
126,2001,Estonia,Renewables,0.018000000000000002,0.212189084050453,-1.3698630136986298,-0.00025,25.0136,58.5953
127,2001,Estonia,Hydro,0.006999999999999999,0.082517977130732,39.9999999999999,0.002,25.0136,58.5953
128,2001,Estonia,Wind and solar,0.0,0.0,,0.0,25.0136,58.5953
129,2001,Estonia,Wind,0.0,0.0,,0.0,25.0136,58.5953
130,2001,Estonia,Solar,0.0,0.0,,0.0,25.0136,58.5953
131,2001,Estonia,Bioenergy,0.011000000000000001,0.129671106919721,-16.9811320754717,-0.00225,25.0136,58.5953
132,2001,Estonia,Other renewables,0.0,0.0,,0.0,25.0136,58.5953
133,2001,Estonia,Production,8.48299999999999,,-0.355328458579284,-0.0302500000000005,25.0136,58.5953
134,2001,Estonia,Net imports,-0.622,,-33.0462863293864,0.30699999999999894,25.0136,58.5953
135,2001,Estonia,Demand,7.861000000000001,,3.6490094603949,0.27674999999999894,25.0136,58.5953
170,2001,Finland,Fossil,29.98582,40.3537537930111,25.3205229741322,6.0585179999999905,25.7482,61.9241
171,2001,Finland,Coal,10.614,14.2839096199143,25.0618593142453,2.127,25.7482,61.9241
172,2001,Finland,Hard Coal,10.614,14.2839096199143,25.0618593142453,2.127,25.7482,61.9241
173,2001,Finland,Lignite,0.0,0.0,,0.0,25.7482,61.9241
174,2001,Finland,Gas,11.69,15.7319486957602,15.3884118053499,1.55899999999999,25.7482,61.9241
175,2001,Finland,Other fossil,7.68182,10.337895477336499,44.686062311015604,2.372518,25.7482,61.9241
176,2001,Finland,Nuclear,22.773000000000003,30.647020329217,1.30788736153744,0.294,25.7482,61.9241
177,2001,Finland,Renewables,21.548567000000002,28.999225877771696,-7.82781655754336,-1.83003399999999,25.7482,61.9241
178,2001,Finland,Hydro,13.205,17.7707769484613,-9.924965893588,-1.455,25.7482,61.9241
179,2001,Finland,Wind and solar,0.071715,0.0965112661006368,-9.878606615059802,-0.007860999999999991,25.7482,61.9241
180,2001,Finland,Wind,0.07,0.0942032856033546,-10.256410256410199,-0.00799999999999999,25.7482,61.9241
181,2001,Finland,Solar,0.001715,0.00230798049728218,8.819796954314711,0.000138999999999999,25.7482,61.9241
182,2001,Finland,Bioenergy,8.271852,11.131937663209698,-4.25016711955341,-0.367172999999999,25.7482,61.9241
183,2001,Finland,Other renewables,0.0,0.0,,0.0,25.7482,61.9241
184,2001,Finland,Production,74.307387,,6.480605124578299,4.5224839999999995,25.7482,61.9241
185,2001,Finland,Net imports,9.959,,-16.1700336700336,-1.9209999999999898,25.7482,61.9241
186,2001,Finland,Demand,84.266387,,3.18555940732581,2.6014839999999904,25.7482,61.9241
187,2001,France,Fossil,46.472,8.52248822523677,-8.194389569340169,-4.147999999999991,2.2137,46.2276
188,2001,France,Coal,20.477999999999998,3.7554551961697,-24.1667901051695,-6.52599999999999,2.2137,46.2276
189,2001,France,Hard Coal,20.077,3.6819159084627002,-24.5083662342545,-6.51799999999999,2.2137,46.2276
190,2001,France,Lignite,0.401,0.0735392877070052,-1.95599022004888,-0.00799999999999995,2.2137,46.2276
191,2001,France,Gas,15.145999999999999,2.7776210763349103,31.544207052284197,3.6319999999999997,2.2137,46.2276
192,2001,France,Other fossil,10.847999999999999,1.9894119527321499,-10.3619236489836,-1.25399999999999,2.2137,46.2276
193,2001,France,Nuclear,421.07599999999996,77.221020225723,1.42450416945676,5.914000000000041,2.2137,46.2276
194,2001,France,Renewables,77.738761,14.256491549040101,12.010762253166199,8.335822,2.2137,46.2276
195,2001,France,Hydro,74.267427,13.6198844922992,11.910474726757199,7.904178,2.2137,46.2276
196,2001,France,Wind and solar,0.13740099999999902,0.0251979343397262,157.387183185658,0.0840179999999999,2.2137,46.2276
197,2001,France,Wind,0.13123999999999902,0.0240680701213649,172.50830564784002,0.0830799999999999,2.2137,46.2276
198,2001,France,Solar,0.006161,0.00112986421836124,17.959027378901,0.0009379999999999991,2.2137,46.2276
199,2001,France,Bioenergy,2.8489999999999998,0.522477383235057,14.925373134328302,0.37,2.2137,46.2276
200,2001,France,Other renewables,0.48493299999999895,0.0889317391661375,-4.41034718622059,-0.0223740000000001,2.2137,46.2276
201,2001,France,Production,545.2867610000001,,1.8875385430082199,10.101822,2.2137,46.2276
202,2001,France,Net imports,-68.39,,-1.5673800716763402,1.08900000000001,2.2137,46.2276
203,2001,France,Demand,476.896761,,2.40298030642036,11.190822,2.2137,46.2276
204,2001,Germany,Fossil,371.7,63.8659793814433,1.97530864197532,7.20000000000004,10.4515,51.1657
205,2001,Germany,Coal,293.2,50.378006872852204,0.617707618393992,1.8000000000000602,10.4515,51.1657
206,2001,Germany,Hard Coal,138.4,23.780068728522302,-3.28441649196364,-4.699999999999981,10.4515,51.1657
207,2001,Germany,Lignite,154.8,26.597938144329902,4.38300741739716,6.5,10.4515,51.1657
208,2001,Germany,Gas,55.5,9.5360824742268,12.8048780487804,6.29999999999999,10.4515,51.1657
209,2001,Germany,Other fossil,23.0,3.95189003436426,-3.7656903765690295,-0.8999999999999979,10.4515,51.1657
210,2001,Germany,Nuclear,171.3,29.4329896907216,1.0023584905660399,1.7000000000000102,10.4515,51.1657
211,2001,Germany,Renewables,39.0,6.70103092783505,3.06553911205074,1.16,10.4515,51.1657
212,2001,Germany,Hydro,23.2,3.9862542955326403,-6.827309236947781,-1.69999999999999,10.4515,51.1657
213,2001,Germany,Wind and solar,10.6,1.82130584192439,11.1111111111111,1.06,10.4515,51.1657
214,2001,Germany,Wind,10.5,1.8041237113402,10.5263157894736,1.0,10.4515,51.1657
215,2001,Germany,Solar,0.1,0.0171821305841924,150.0,0.06,10.4515,51.1657
216,2001,Germany,Bioenergy,5.19999999999999,0.8934707903780059,52.94117647058821,1.7999999999999898,10.4515,51.1657
217,2001,Germany,Other renewables,0.0,0.0,,0.0,10.4515,51.1657
218,2001,Germany,Production,582.0,,1.75892576144349,10.0599999999999,10.4515,51.1657
219,2001,Germany,Net imports,-1.3,,-141.935483870967,-4.4,10.4515,51.1657
220,2001,Germany,Demand,580.7,,0.9842793544797109,5.66000000000008,10.4515,51.1657
221,2001,Greece,Fossil,50.144,94.4758459567412,1.75118199711856,0.862999999999999,21.8243,39.0742
222,2001,Greece,Coal,35.431,66.7552189313437,3.2582403170809706,1.1179999999999901,21.8243,39.0742
223,2001,Greece,Hard Coal,0.006,0.0113045444268595,-57.1428571428571,-0.008,21.8243,39.0742
224,2001,Greece,Lignite,35.425,66.7439143869168,3.2828945450304503,1.1259999999999901,21.8243,39.0742
225,2001,Greece,Gas,6.132999999999999,11.5551284949883,3.59797297297297,0.213,21.8243,39.0742
226,2001,Greece,Other fossil,8.58,16.1654985304092,-5.17241379310344,-0.467999999999999,21.8243,39.0742
227,2001,Greece,Nuclear,0.0,0.0,,0.0,21.8243,39.0742
228,2001,Greece,Renewables,2.932,5.5241540432587195,-29.2471042471042,-1.21199999999999,21.8243,39.0742
229,2001,Greece,Hydro,2.097,3.95093827718742,-43.216896831844,-1.5959999999999899,21.8243,39.0742
230,2001,Greece,Wind and solar,0.7559999999999999,1.4243725977843003,67.6274944567627,0.305,21.8243,39.0742
231,2001,Greece,Wind,0.7559999999999999,1.4243725977843003,67.6274944567627,0.305,21.8243,39.0742
232,2001,Greece,Solar,0.0,0.0,,0.0,21.8243,39.0742
233,2001,Greece,Bioenergy,0.079,0.14884316828698402,inf,0.079,21.8243,39.0742
234,2001,Greece,Other renewables,0.0,0.0,,0.0,21.8243,39.0742
235,2001,Greece,Production,53.076,,-0.653252222742151,-0.34899999999999604,21.8243,39.0742
236,2001,Greece,Net imports,2.5,,-22827.2727272729,2.511,21.8243,39.0742
237,2001,Greece,Demand,55.576,,4.04762796270641,2.1619999999999897,21.8243,39.0742
238,2001,Hungary,Fossil,22.031999999999996,60.50215968709129,6.08628659476115,1.26399999999999,19.5033,47.1625
239,2001,Hungary,Coal,8.839,24.2728117953068,-7.831074035453581,-0.750999999999999,19.5033,47.1625
240,2001,Hungary,Hard Coal,0.05,0.137305191737226,-25.373134328358198,-0.017,19.5033,47.1625
241,2001,Hungary,Lignite,8.789,24.135506603569603,-7.707655150687799,-0.7340000000000001,19.5033,47.1625
242,2001,Hungary,Gas,8.861,24.333226079671196,34.2169039684943,2.259,19.5033,47.1625
243,2001,Hungary,Other fossil,4.332,11.896121812113199,-5.33216783216782,-0.243999999999999,19.5033,47.1625
244,2001,Hungary,Nuclear,14.126,38.791462769601104,-0.380818053596621,-0.0540000000000002,19.5033,47.1625
245,2001,Hungary,Renewables,0.257229,0.706377543307499,5.95235153102833,0.0144509999999999,19.5033,47.1625
246,2001,Hungary,Hydro,0.18600000000000003,0.510775313262481,4.494382022471919,0.008,19.5033,47.1625
247,2001,Hungary,Wind and solar,0.001,0.0027461038347445198,inf,0.001,19.5033,47.1625
248,2001,Hungary,Wind,0.001,0.0027461038347445198,inf,0.001,19.5033,47.1625
249,2001,Hungary,Solar,0.0,0.0,,0.0,19.5033,47.1625
250,2001,Hungary,Bioenergy,0.070229,0.192856126210273,8.41489394547534,0.0054510000000000105,19.5033,47.1625
251,2001,Hungary,Other renewables,0.0,0.0,,0.0,19.5033,47.1625
252,2001,Hungary,Production,36.415229,,3.47946555770946,1.22445099999999,19.5033,47.1625
253,2001,Hungary,Net imports,3.1710000000000003,,-7.819767441860441,-0.268999999999999,19.5033,47.1625
254,2001,Hungary,Demand,39.586228999999996,,2.47328956201711,0.9554510000000029,19.5033,47.1625
255,2001,Ireland,Fossil,23.605,95.8306268268918,4.96709356101032,1.117,7.6921,53.1424
256,2001,Ireland,Coal,7.062,28.6700227346541,3.5939562857562,0.245,7.6921,53.1424
257,2001,Ireland,Hard Coal,7.062,28.6700227346541,3.5939562857562,0.245,7.6921,53.1424
258,2001,Ireland,Lignite,0.0,0.0,,0.0,7.6921,53.1424
259,2001,Ireland,Gas,9.147,37.1346216303994,-1.2522940731944199,-0.115999999999999,7.6921,53.1424
260,2001,Ireland,Other fossil,7.396,30.025982461838197,15.418227215979998,0.987999999999999,7.6921,53.1424
261,2001,Ireland,Nuclear,0.0,0.0,,0.0,7.6921,53.1424
262,2001,Ireland,Renewables,1.0270000000000001,4.169373173108149,-13.406408094435001,-0.158999999999999,7.6921,53.1424
263,2001,Ireland,Hydro,0.596,2.4196167586878796,-29.634002361275,-0.250999999999999,7.6921,53.1424
264,2001,Ireland,Wind and solar,0.33399999999999996,1.35595972718415,36.885245901639294,0.09,7.6921,53.1424
265,2001,Ireland,Wind,0.33399999999999996,1.35595972718415,36.885245901639294,0.09,7.6921,53.1424
266,2001,Ireland,Solar,0.0,0.0,,0.0,7.6921,53.1424
267,2001,Ireland,Bioenergy,0.09699999999999999,0.39379668723611494,2.1052631578947403,0.002,7.6921,53.1424
268,2001,Ireland,Other renewables,0.0,0.0,,0.0,7.6921,53.1424
269,2001,Ireland,Production,24.631999999999998,,4.0466334375264,0.9580000000000021,7.6921,53.1424
270,2001,Ireland,Net imports,-0.249999999999999,,-355.102040816326,-0.348,7.6921,53.1424
271,2001,Ireland,Demand,24.381999999999998,,2.56604408547871,0.609999999999999,7.6921,53.1424
272,2001,Italy,Fossil,216.72514700000002,79.9509459178229,-0.7104472495041859,-1.550735,12.5674,41.8719
273,2001,Italy,Coal,31.73,11.7053491442436,20.77496954933,5.457999999999999,12.5674,41.8719
274,2001,Italy,Hard Coal,31.726999999999997,11.704242429858699,20.791136830884,5.461,12.5674,41.8719
275,2001,Italy,Lignite,0.003,0.00110671438489539,-50.0,-0.003,12.5674,41.8719
276,2001,Italy,Gas,104.18799999999999,38.435452777827,2.7900552486187897,2.8280000000000003,12.5674,41.8719
277,2001,Italy,Other fossil,80.807147,29.810143995752203,-10.852067213979199,-9.83673499999999,12.5674,41.8719
278,2001,Italy,Nuclear,0.0,0.0,,0.0,12.5674,41.8719
279,2001,Italy,Renewables,54.347502,20.049054082177,6.8168140498535,3.4683379999999997,12.5674,41.8719
280,2001,Italy,Hydro,46.810272999999995,17.268534163326798,5.90692245328143,2.610827,12.5674,41.8719
281,2001,Italy,Wind and solar,1.198,0.44194794436822704,106.19621342512899,0.617,12.5674,41.8719
282,2001,Italy,Wind,1.179,0.434938753263889,109.413854351687,0.616,12.5674,41.8719
283,2001,Italy,Solar,0.019,0.00700919110433749,5.55555555555555,0.001,12.5674,41.8719
284,2001,Italy,Bioenergy,1.832229,0.6759180635741671,31.4633950340025,0.438511,12.5674,41.8719
285,2001,Italy,Other renewables,4.507,1.6626539109078402,-4.20828905419766,-0.198,12.5674,41.8719
286,2001,Italy,Production,271.072649,,0.712452925738582,1.91760300000004,12.5674,41.8719
287,2001,Italy,Net imports,48.376999999999995,,9.08742417750918,4.03,12.5674,41.8719
288,2001,Italy,Demand,319.449649,,1.8971496600695301,5.94760300000001,12.5674,41.8719
289,2001,Latvia,Fossil,1.4409999999999998,33.6672016971447,9.74866717440976,0.128,24.6032,56.8796
290,2001,Latvia,Coal,0.0,0.0,,0.0,24.6032,56.8796
291,2001,Latvia,Hard Coal,0.0,0.0,,0.0,24.6032,56.8796
292,2001,Latvia,Lignite,0.0,0.0,,0.0,24.6032,56.8796
293,2001,Latvia,Gas,1.304,30.466364339400897,15.6028368794326,0.17600000000000002,24.6032,56.8796
294,2001,Latvia,Other fossil,0.13699999999999998,3.2008373577438,-25.945945945945898,-0.0479999999999999,24.6032,56.8796
295,2001,Latvia,Nuclear,0.0,0.0,,0.0,24.6032,56.8796
296,2001,Latvia,Renewables,2.83913,66.3327983028553,0.5509329665169139,0.0155560000000001,24.6032,56.8796
297,2001,Latvia,Hydro,2.8331049999999998,66.1920315504435,0.49475783008892105,0.013947999999999999,24.6032,56.8796
298,2001,Latvia,Wind and solar,0.003433,0.0802078441542663,-22.2775639574371,-0.000984,24.6032,56.8796
299,2001,Latvia,Wind,0.003433,0.0802078441542663,-22.2775639574371,-0.000984,24.6032,56.8796
300,2001,Latvia,Solar,0.0,0.0,,0.0,24.6032,56.8796
301,2001,Latvia,Bioenergy,0.0025919999999999897,0.0605589082574594,inf,0.0025919999999999897,24.6032,56.8796
302,2001,Latvia,Other renewables,0.0,0.0,,0.0,24.6032,56.8796
303,2001,Latvia,Production,4.280130000000001,,3.47040812034307,0.143556,24.6032,56.8796
304,2001,Latvia,Net imports,1.8829999999999898,,5.43113101903693,0.0969999999999997,24.6032,56.8796
305,2001,Latvia,Demand,6.163130000000001,,4.0616799384862,0.240555999999999,24.6032,56.8796
306,2001,Lithuania,Fossil,2.6039999999999996,18.2179997755632,14.663143989431902,0.33299999999999996,23.8813,55.1694
307,2001,Lithuania,Coal,0.0,0.0,,0.0,23.8813,55.1694
308,2001,Lithuania,Hard Coal,0.0,0.0,,0.0,23.8813,55.1694
309,2001,Lithuania,Lignite,0.0,0.0,,0.0,23.8813,55.1694
310,2001,Lithuania,Gas,1.8840000000000001,13.180764814577902,16.5841584158415,0.267999999999999,23.8813,55.1694
311,2001,Lithuania,Other fossil,0.72,5.03723496098521,9.923664122137382,0.0649999999999999,23.8813,55.1694
312,2001,Lithuania,Nuclear,11.362,79.49036614821391,34.956645682385,2.9429999999999903,23.8813,55.1694
313,2001,Lithuania,Renewables,0.32755599999999896,2.29163407622287,-3.5584527237502903,-0.0120859999999999,23.8813,55.1694
314,2001,Lithuania,Hydro,0.32555599999999896,2.2776417568868,-4.14730804788571,-0.0140859999999999,23.8813,55.1694
315,2001,Lithuania,Wind and solar,0.0,0.0,,0.0,23.8813,55.1694
316,2001,Lithuania,Wind,0.0,0.0,,0.0,23.8813,55.1694
317,2001,Lithuania,Solar,0.0,0.0,,0.0,23.8813,55.1694
318,2001,Lithuania,Bioenergy,0.002,0.01399231933607,inf,0.002,23.8813,55.1694
319,2001,Lithuania,Other renewables,0.0,0.0,,0.0,23.8813,55.1694
320,2001,Lithuania,Production,14.293556,,29.592202539302697,3.2639139999999904,23.8813,55.1694
321,2001,Lithuania,Net imports,-3.964,,196.706586826347,-2.628,23.8813,55.1694
322,2001,Lithuania,Demand,10.329556,,6.5601143512417694,0.635913999999999,23.8813,55.1694
323,2001,Luxembourg,Fossil,0.7003769999999989,80.6822737389236,181.812365708215,0.45185099999999895,6.1296,49.8153
324,2001,Luxembourg,Coal,0.0,0.0,,0.0,6.1296,49.8153
325,2001,Luxembourg,Hard Coal,0.0,0.0,,0.0,6.1296,49.8153
326,2001,Luxembourg,Lignite,0.0,0.0,,0.0,6.1296,49.8153
327,2001,Luxembourg,Gas,0.666443999999999,76.7732481787141,210.60817203499198,0.451882999999999,6.1296,49.8153
328,2001,Luxembourg,Other fossil,0.033933,3.90902556020956,-0.0942146327101545,-3.20000000000042e-05,6.1296,49.8153
329,2001,Luxembourg,Nuclear,0.0,0.0,,0.0,6.1296,49.8153
330,2001,Luxembourg,Renewables,0.167691,19.3177262610763,-1.72762381401674,-0.00294800000000003,6.1296,49.8153
331,2001,Luxembourg,Hydro,0.118032,13.5970914720966,-4.430625728721361,-0.00547200000000003,6.1296,49.8153
332,2001,Luxembourg,Wind and solar,0.0237859999999999,2.74010791781289,-4.02291893636765,-0.000996999999999997,6.1296,49.8153
333,2001,Luxembourg,Wind,0.0237399999999999,2.73480879378113,-4.0536717455441895,-0.001003,6.1296,49.8153
334,2001,Luxembourg,Solar,4.6e-05,0.00529912403175788,14.9999999999999,5.99999999999999e-06,6.1296,49.8153
335,2001,Luxembourg,Bioenergy,0.025873,2.98052687116677,15.752505368647,0.00352099999999999,6.1296,49.8153
336,2001,Luxembourg,Other renewables,0.0,0.0,,0.0,6.1296,49.8153
337,2001,Luxembourg,Production,0.8680680000000001,,107.094580892965,0.44890299999999894,6.1296,49.8153
338,2001,Luxembourg,Net imports,5.316464,,-6.867974979171491,-0.39205999999999896,6.1296,49.8153
339,2001,Luxembourg,Demand,6.184532,,0.927641725942685,0.0568429999999997,6.1296,49.8153
340,2001,Malta,Fossil,1.943,100.0,1.35628586332812,0.026000000000000002,14.3754,35.9375
341,2001,Malta,Coal,0.0,0.0,,0.0,14.3754,35.9375
342,2001,Malta,Hard Coal,0.0,0.0,,0.0,14.3754,35.9375
343,2001,Malta,Lignite,0.0,0.0,,0.0,14.3754,35.9375
344,2001,Malta,Gas,0.0,0.0,,0.0,14.3754,35.9375
345,2001,Malta,Other fossil,1.943,100.0,1.35628586332812,0.026000000000000002,14.3754,35.9375
346,2001,Malta,Nuclear,0.0,0.0,,0.0,14.3754,35.9375
347,2001,Malta,Renewables,0.0,0.0,,0.0,14.3754,35.9375
348,2001,Malta,Hydro,0.0,0.0,,0.0,14.3754,35.9375
349,2001,Malta,Wind and solar,0.0,0.0,,0.0,14.3754,35.9375
350,2001,Malta,Wind,0.0,0.0,,0.0,14.3754,35.9375
351,2001,Malta,Solar,0.0,0.0,,0.0,14.3754,35.9375
352,2001,Malta,Bioenergy,0.0,0.0,,0.0,14.3754,35.9375
353,2001,Malta,Other renewables,0.0,0.0,,0.0,14.3754,35.9375
354,2001,Malta,Production,1.943,,1.35628586332812,0.026000000000000002,14.3754,35.9375
355,2001,Malta,Net imports,0.0,,,0.0,14.3754,35.9375
356,2001,Malta,Demand,1.943,,1.35628586332812,0.026000000000000002,14.3754,35.9375
357,2001,Netherlands,Fossil,86.14321,92.2092854415965,4.43371268611501,3.6571929999999906,5.2913,52.1326
358,2001,Netherlands,Coal,25.480999999999998,27.2753337417693,4.96375020596475,1.205,5.2913,52.1326
359,2001,Netherlands,Hard Coal,25.480999999999998,27.2753337417693,4.96375020596475,1.205,5.2913,52.1326
360,2001,Netherlands,Lignite,0.0,0.0,,0.0,5.2913,52.1326
361,2001,Netherlands,Gas,53.771,57.557473043784704,4.36512557742323,2.249,5.2913,52.1326
362,2001,Netherlands,Other fossil,6.891210000000001,7.37647865604247,3.03816512428123,0.203193,5.2913,52.1326
363,2001,Netherlands,Nuclear,3.9760000000000004,4.25598394714787,1.2735608762098798,0.0499999999999998,5.2913,52.1326
364,2001,Netherlands,Renewables,3.3021949999999904,3.53473061125552,11.147219295794999,0.331185,5.2913,52.1326
365,2001,Netherlands,Hydro,0.117279,0.125537611000391,-17.6584989117461,-0.025151,5.2913,52.1326
366,2001,Netherlands,Wind and solar,0.8370639999999989,0.8960087894203679,0.0418303028274946,0.00034999999999996097,5.2913,52.1326
367,2001,Netherlands,Wind,0.8254199999999989,0.883544836432292,-0.435448656864045,-0.00361,5.2913,52.1326
368,2001,Netherlands,Solar,0.0116439999999999,0.0124639529880759,51.535658511192,0.00395999999999999,5.2913,52.1326
369,2001,Netherlands,Bioenergy,2.347852,2.5131842108347597,17.8719853644773,0.355986,5.2913,52.1326
370,2001,Netherlands,Other renewables,0.0,0.0,,0.0,5.2913,52.1326
371,2001,Netherlands,Production,93.42140500000001,,4.518059116525559,4.038378,5.2913,52.1326
372,2001,Netherlands,Net imports,17.283,,-8.62807295796986,-1.632,5.2913,52.1326
373,2001,Netherlands,Demand,110.70440500000001,,2.2219961588035098,2.4063779999999997,5.2913,52.1326
374,2001,Poland,Fossil,140.937502,98.06360264452731,0.0673844438368709,0.0949060000000088,19.1451,51.9194
375,2001,Poland,Coal,134.97,93.9114448681789,-0.6755563405157261,-0.9180000000000059,19.1451,51.9194
376,2001,Poland,Hard Coal,80.367,55.9189530245309,-2.48971717686454,-2.05199999999999,19.1451,51.9194
377,2001,Poland,Lignite,54.603,37.992491843648,2.1208550749032,1.1340000000000001,19.1451,51.9194
378,2001,Poland,Gas,1.358,0.9448895467954871,46.3362068965517,0.43,19.1451,51.9194
379,2001,Poland,Other fossil,4.609502,3.20726822955294,14.4763964400699,0.582906,19.1451,51.9194
380,2001,Poland,Nuclear,0.0,0.0,,0.0,19.1451,51.9194
381,2001,Poland,Renewables,2.783,1.93639735547263,19.3396226415094,0.451,19.1451,51.9194
382,2001,Poland,Hydro,2.32499999999999,1.6177232667890302,10.398860398860402,0.218999999999999,19.1451,51.9194
383,2001,Poland,Wind and solar,0.013999999999999999,0.00974112934840709,179.999999999999,0.009000000000000001,19.1451,51.9194
384,2001,Poland,Wind,0.013999999999999999,0.00974112934840709,179.999999999999,0.009000000000000001,19.1451,51.9194
385,2001,Poland,Solar,0.0,0.0,,0.0,19.1451,51.9194
386,2001,Poland,Bioenergy,0.444,0.30893295933519604,100.904977375565,0.223,19.1451,51.9194
387,2001,Poland,Other renewables,0.0,0.0,,0.0,19.1451,51.9194
388,2001,Poland,Production,143.720502,,0.38128691489376293,0.545906000000002,19.1451,51.9194
389,2001,Poland,Net imports,-6.729,,5.58606621685233,-0.355999999999999,19.1451,51.9194
390,2001,Poland,Demand,136.991502,,0.13881855588877498,0.189906000000007,19.1451,51.9194
391,2001,Portugal,Fossil,30.427,65.9049558135505,-0.252425911355891,-0.0770000000000017,8.2245,39.3999
392,2001,Portugal,Coal,13.606,29.470629007104396,-6.7762932511133895,-0.9890000000000001,8.2245,39.3999
393,2001,Portugal,Hard Coal,13.606,29.470629007104396,-6.7762932511133895,-0.9890000000000001,8.2245,39.3999
394,2001,Portugal,Lignite,0.0,0.0,,0.0,8.2245,39.3999
395,2001,Portugal,Gas,7.212000000000001,15.6212094957546,1.03670495937238,0.0739999999999998,8.2245,39.3999
396,2001,Portugal,Other fossil,9.609,20.8131173106913,9.55421274655112,0.837999999999999,8.2245,39.3999
397,2001,Portugal,Nuclear,0.0,0.0,,0.0,8.2245,39.3999
398,2001,Portugal,Renewables,15.741,34.0950441864494,22.326701896176502,2.873,8.2245,39.3999
399,2001,Portugal,Hydro,14.034,30.3976780453994,23.9424180870793,2.7110000000000003,8.2245,39.3999
400,2001,Portugal,Wind and solar,0.257,0.5566626234621379,52.0710059171597,0.08800000000000001,8.2245,39.3999
401,2001,Portugal,Wind,0.256,0.554496621036215,52.3809523809523,0.08800000000000001,8.2245,39.3999
402,2001,Portugal,Solar,0.001,0.00216600242592271,0.0,0.0,8.2245,39.3999
403,2001,Portugal,Bioenergy,1.345,2.91327326286605,3.78086419753085,0.0489999999999999,8.2245,39.3999
404,2001,Portugal,Other renewables,0.105,0.22743025472188502,31.25,0.0249999999999999,8.2245,39.3999
405,2001,Portugal,Production,46.168,,6.44655538135201,2.7959999999999905,8.2245,39.3999
406,2001,Portugal,Net imports,0.239,,-74.32867883995699,-0.6920000000000001,8.2245,39.3999
407,2001,Portugal,Demand,46.407,,4.74911405548157,2.10399999999999,8.2245,39.3999
408,2001,Romania,Fossil,33.172,61.956257821109,5.89286854370172,1.8459999999999999,24.9668,45.9432
409,2001,Romania,Coal,19.694000000000003,36.783026092153605,4.05790975377786,0.768,24.9668,45.9432
410,2001,Romania,Hard Coal,0.9259999999999999,1.7295156982499298,141.77545691906,0.5429999999999999,24.9668,45.9432
411,2001,Romania,Lignite,18.768,35.0535103939037,1.2133958906325801,0.225000000000001,24.9668,45.9432
412,2001,Romania,Gas,8.073,15.078164397377698,-10.3099655593822,-0.9279999999999989,24.9668,45.9432
413,2001,Romania,Other fossil,5.405,10.0950673315776,59.017358046484205,2.006,24.9668,45.9432
414,2001,Romania,Nuclear,5.446000000000001,10.1716441605498,-0.18328445747801603,-0.0100000000000006,24.9668,45.9432
415,2001,Romania,Renewables,14.923,27.872098018341,0.981188252808218,0.144999999999999,24.9668,45.9432
416,2001,Romania,Hydro,14.923,27.872098018341,0.981188252808218,0.144999999999999,24.9668,45.9432
417,2001,Romania,Wind and solar,0.0,0.0,,0.0,24.9668,45.9432
418,2001,Romania,Wind,0.0,0.0,,0.0,24.9668,45.9432
419,2001,Romania,Solar,0.0,0.0,,0.0,24.9668,45.9432
420,2001,Romania,Bioenergy,0.0,0.0,,0.0,24.9668,45.9432
421,2001,Romania,Other renewables,0.0,0.0,,0.0,24.9668,45.9432
422,2001,Romania,Production,53.541000000000004,,3.84212567882078,1.9809999999999999,24.9668,45.9432
423,2001,Romania,Net imports,-1.31,,88.2183908045977,-0.614,24.9668,45.9432
424,2001,Romania,Demand,52.231,,2.6875589808115796,1.367,24.9668,45.9432
425,2001,Slovakia,Fossil,9.652000000000001,30.3174982095965,-0.38187635462897296,-0.0370000000000008,19.699,48.669
426,2001,Slovakia,Coal,5.822,18.287243532560197,4.26217765042979,0.23800000000000002,19.699,48.669
427,2001,Slovakia,Hard Coal,3.1839999999999997,10.0011307811184,-5.49124369249035,-0.185,19.699,48.669
428,2001,Slovakia,Lignite,2.638,8.28611275144174,19.0970654627539,0.423,19.699,48.669
429,2001,Slovakia,Gas,2.699,8.47771732984885,-19.2882775119617,-0.645,19.699,48.669
430,2001,Slovakia,Other fossil,1.131,3.5525373471874904,48.62023653088039,0.37,19.699,48.669
431,2001,Slovakia,Nuclear,17.102999999999998,53.721526303225204,3.69225172790106,0.609000000000001,19.699,48.669
432,2001,Slovakia,Renewables,5.081399999999991,15.9609754871781,10.1061755146262,0.4664,19.699,48.669
433,2001,Slovakia,Hydro,4.927,15.4759960297018,6.7605633802817,0.312,19.699,48.669
434,2001,Slovakia,Wind and solar,0.0,0.0,,0.0,19.699,48.669
435,2001,Slovakia,Wind,0.0,0.0,,0.0,19.699,48.669
436,2001,Slovakia,Solar,0.0,0.0,,0.0,19.699,48.669
437,2001,Slovakia,Bioenergy,0.1544,0.484979457476347,inf,0.1544,19.699,48.669
438,2001,Slovakia,Other renewables,0.0,0.0,,0.0,19.699,48.669
439,2001,Slovakia,Production,31.8364,,3.3716475095785405,1.0384,19.699,48.669
440,2001,Slovakia,Net imports,-3.678,,36.4243323442136,-0.981999999999999,19.699,48.669
441,2001,Slovakia,Demand,28.1584,,0.200697459255572,0.0564000000000035,19.699,48.669
442,2001,Slovenia,Fossil,5.341,36.9219189553855,7.70316596087921,0.38199999999999895,14.9955,46.1512
443,2001,Slovenia,Coal,4.919,34.004665669638904,6.67967902841031,0.30799999999999894,14.9955,46.1512
444,2001,Slovenia,Hard Coal,0.35200000000000004,2.43334871228153,14.657980456026001,0.0449999999999999,14.9955,46.1512
445,2001,Slovenia,Lignite,4.567,31.5713169573573,6.11059479553903,0.262999999999999,14.9955,46.1512
446,2001,Slovenia,Gas,0.29600000000000004,2.04622505350947,1.02389078498292,0.003,14.9955,46.1512
447,2001,Slovenia,Other fossil,0.126,0.871028232237141,129.090909090909,0.071,14.9955,46.1512
448,2001,Slovenia,Nuclear,5.257000000000001,36.3412334672274,10.417979416088999,0.49599999999999894,14.9955,46.1512
449,2001,Slovenia,Renewables,3.8676619999999904,26.736847577387,-0.942232339450543,-0.0367890000000001,14.9955,46.1512
450,2001,Slovenia,Hydro,3.7957379999999903,26.2396425410741,-1.01657982419061,-0.0389830000000004,14.9955,46.1512
451,2001,Slovenia,Wind and solar,0.0,0.0,,0.0,14.9955,46.1512
452,2001,Slovenia,Wind,0.0,0.0,,0.0,14.9955,46.1512
453,2001,Slovenia,Solar,0.0,0.0,,0.0,14.9955,46.1512
454,2001,Slovenia,Bioenergy,0.071924,0.49720503631289,3.14642191309335,0.002194,14.9955,46.1512
455,2001,Slovenia,Other renewables,0.0,0.0,,0.0,14.9955,46.1512
456,2001,Slovenia,Production,14.465662,,6.174274471683299,0.8412109999999989,14.9955,46.1512
457,2001,Slovenia,Net imports,-1.7719999999999998,,34.140802422407305,-0.451,14.9955,46.1512
458,2001,Slovenia,Demand,12.693662,,3.17155731347245,0.390210999999999,14.9955,46.1512
459,2001,Spain,Fossil,120.057,51.5133442032094,-3.35209022629023,-4.164,3.7492,40.4637
460,2001,Spain,Coal,70.27,30.1510340684802,-11.1563456140794,-8.823999999999991,3.7492,40.4637
461,2001,Spain,Hard Coal,63.851000000000006,27.3968076890071,-12.393666648372701,-9.033,3.7492,40.4637
462,2001,Spain,Lignite,6.419,2.7542263794730895,3.3655394524959505,0.208999999999999,3.7492,40.4637
463,2001,Spain,Gas,23.358,10.0223118510254,15.759738328873,3.1799999999999904,3.7492,40.4637
464,2001,Spain,Other fossil,26.429000000000002,11.339998283703698,5.93210148703353,1.4799999999999898,3.7492,40.4637
465,2001,Spain,Nuclear,63.708,27.335450098687,2.41455808121402,1.5019999999999898,3.7492,40.4637
466,2001,Spain,Renewables,49.295,21.1512056981034,42.9254856480139,14.805,3.7492,40.4637
467,2001,Spain,Hydro,40.888000000000005,17.5439800909637,44.7055492638731,12.6319999999999,3.7492,40.4637
468,2001,Spain,Wind and solar,6.776,2.90740581824422,42.9234338747099,2.035,3.7492,40.4637
469,2001,Spain,Wind,6.7589999999999995,2.9001115592551203,42.9870954093505,2.032,3.7492,40.4637
470,2001,Spain,Solar,0.017,0.0072942589891015095,21.4285714285714,0.003,3.7492,40.4637
471,2001,Spain,Bioenergy,1.631,0.6998197888955631,9.24313462826522,0.13799999999999898,3.7492,40.4637
472,2001,Spain,Other renewables,0.0,0.0,,0.0,3.7492,40.4637
473,2001,Spain,Production,233.06,,5.49663448263375,12.142999999999999,3.7492,40.4637
474,2001,Spain,Net imports,3.4499999999999904,,-22.3147939653231,-0.991000000000001,3.7492,40.4637
475,2001,Spain,Demand,236.51,,4.94857071858996,11.1519999999999,3.7492,40.4637
476,2001,Sweden,Fossil,6.165,3.81510464473117,29.109947643979,1.39,18.6435,60.1282
477,2001,Sweden,Coal,1.879,1.16278696309,14.853300733496301,0.243,18.6435,60.1282
478,2001,Sweden,Hard Coal,1.879,1.16278696309,14.853300733496301,0.243,18.6435,60.1282
479,2001,Sweden,Lignite,0.0,0.0,,0.0,18.6435,60.1282
480,2001,Sweden,Gas,0.395,0.244438983725679,-18.388429752066102,-0.0889999999999999,18.6435,60.1282
481,2001,Sweden,Other fossil,3.891,2.4078786979154905,46.55367231638411,1.236,18.6435,60.1282
482,2001,Sweden,Nuclear,72.109,44.623419436645605,25.8095470723707,14.7929999999999,18.6435,60.1282
483,2001,Sweden,Renewables,83.3205189999999,51.5614759186232,0.216622678033684,0.180100999999993,18.6435,60.1282
484,2001,Sweden,Hydro,79.0599999999999,48.9249267173473,0.605721266415537,0.475999999999984,18.6435,60.1282
485,2001,Sweden,Wind and solar,0.483519,0.299217450562169,5.47557033100793,0.0251009999999999,18.6435,60.1282
486,2001,Sweden,Wind,0.48200000000000004,0.298277443432348,5.47045951859954,0.0249999999999999,18.6435,60.1282
487,2001,Sweden,Solar,0.001519,0.0009400071298210301,7.12270803949224,0.000100999999999999,18.6435,60.1282
488,2001,Sweden,Bioenergy,3.7769999999999997,2.33733175071364,-7.833089311859441,-0.32099999999999895,18.6435,60.1282
489,2001,Sweden,Other renewables,0.0,0.0,,0.0,18.6435,60.1282
490,2001,Sweden,Production,161.594519,,11.2669153998069,16.3631009999999,18.6435,60.1282
491,2001,Sweden,Net imports,-7.29,,-255.835827276613,-11.968,18.6435,60.1282
492,2001,Sweden,Demand,154.304518999999,,2.9318378115509502,4.39510099999995,18.6435,60.1282
493,2001,United Kingdom,Fossil,282.725194,73.94062529364709,1.21112972628534,3.383194,3.436,55.3781
494,2001,United Kingdom,Coal,131.461,34.3807653085495,9.59649854105877,11.511,3.436,55.3781
495,2001,United Kingdom,Hard Coal,131.461,34.3807653085495,9.59649854105877,11.511,3.436,55.3781
496,2001,United Kingdom,Lignite,0.0,0.0,,0.0,3.436,55.3781
497,2001,United Kingdom,Gas,141.905,37.1121663543539,-4.1681017308562405,-6.171999999999991,3.436,55.3781
498,2001,United Kingdom,Other fossil,9.35919399999999,2.4476936307436,-17.285072912063598,-1.9558060000000002,3.436,55.3781
499,2001,United Kingdom,Nuclear,90.094,23.562126179691802,5.91443988573174,5.030999999999991,3.436,55.3781
500,2001,United Kingdom,Renewables,9.548675999999999,2.49724852666098,-4.22591775325977,-0.421324,3.436,55.3781
501,2001,United Kingdom,Hydro,4.055708999999999,1.06068247836827,-20.2573928430987,-1.030291,3.436,55.3781
502,2001,United Kingdom,Wind and solar,0.9669059999999999,0.252873234354131,1.9943037974683602,0.018906,3.436,55.3781
503,2001,United Kingdom,Wind,0.9650860000000001,0.25239725293864196,1.9098204857444598,0.018086,3.436,55.3781
504,2001,United Kingdom,Solar,0.00182,0.000475981415488702,82.0,0.00082,3.436,55.3781
505,2001,United Kingdom,Bioenergy,4.526038,1.18368679878882,14.9908028455284,0.5900380000000001,3.436,55.3781
506,2001,United Kingdom,Other renewables,2.3e-05,6.015149756175901e-06,inf,2.3e-05,3.436,55.3781
507,2001,United Kingdom,Production,382.36787000000004,,2.13499031719532,7.992869999999981,3.436,55.3781
508,2001,United Kingdom,Net imports,10.399000000000001,,-26.633272188514105,-3.7749999999999906,3.436,55.3781
509,2001,United Kingdom,Demand,392.76687000000004,,1.08554390823294,4.21787,3.436,55.3781
